{"polylines_colors": [], "point_size": 1.4413885498046874, "point_opacity": 0.9, "polylines_points": [], "camera_position": [42.08402633666992, 9.99951171875, 145.44993591308594], "filename": "pyntcloud_plot", "look_at": [-1.196313500404358, 0.9250504970550537, 0.5648431777954102]}